Sequence	Number	Begin	End	Amino_acid	Anticodon	Intron_begin	Intron_end	Score
1	1	662451	662529	Ile	TAT	662490	662494	40.72
1	2	1037508	1037581	Asp	GTC	0	0	73.33
1	3	1200427	1200356	Met	CAT	0	0	52.79
1	4	1071748	1071680	Trp	CCA	0	0	15.32
1	5	988362	988295	Glu	TTC	0	0	27.95
1	6	361960	361887	Met	CAT	0	0	54.35
2	1	23289	23365	Met	CAT	0	0	41.90
2	2	167327	167399	His	GTG	0	0	52.74
2	3	173468	173544	Undet	???	0	0	20.65
2	4	655908	655835	Asp	GTC	0	0	75.83
2	5	444465	444391	Pro	TGG	0	0	59.80
2	6	402152	402084	Undet	???	0	0	27.60
2	7	105780	105704	Val	CAC	0	0	33.86
3	1	326598	326516	Tyr	GTA	0	0	63.18
3	2	322180	322107	Asp	GTC	0	0	78.31
6	1	121067	121139	Lys	TTT	0	0	69.39
6	2	236418	236489	Gly	GCC	0	0	70.59
6	3	324290	324369	Arg	TCT	324329	324334	23.91
6	4	405222	405291	Undet	???	0	0	37.37
6	5	456354	456425	Asn	GTT	0	0	71.33
6	6	457342	457424	Tyr	GTA	0	0	63.87
6	7	588935	589003	Pro	TGG	0	0	18.41
6	8	544244	544173	Glu	TTC	0	0	18.73
6	9	382184	382111	Trp	CCA	0	0	72.21
7	1	352542	352621	SeC	TCA	352579	352585	34.59
8	1	74703	74773	Thr	AGT	0	0	34.95
8	2	74864	74934	Thr	TGT	0	0	49.26
8	3	75016	75080	Undet	???	0	0	16.56
9	1	84137	84222	Sup	TTA	84175	84186	33.67
10	1	126859	126932	Met	CAT	0	0	68.19
10	2	127721	127792	Gln	TTG	0	0	67.22
10	3	88280	88201	Arg	TCT	88241	88236	23.91
11	1	140865	140936	Glu	TTC	0	0	62.82
11	2	32542	32470	Cys	GCA	0	0	64.90
11	3	32462	32390	Arg	TCG	0	0	73.67
16	1	6070	6143	Met	CAT	0	0	54.35
16	2	82992	83065	Met	CAT	0	0	53.00
16	3	85180	85247	Pro	AGG	0	0	25.68
16	4	5974	5901	Met	CAT	0	0	54.35
25	1	4151	4085	Undet	???	0	0	17.77
